rank,name_ar,name_en,branches,branches_confidence,hq,website,email,hotline,whatsapp,facebook,instagram,linkedin,app_or_booking,brand_notes,executives,pitch_angle,notes
1,معامل المعمل - أ.د. علي شمس الدين,Al-Maamal Labs,12-18 (about page 12; homepage ~18),Verified range / Unverified exact,"المهندسين، الجيزة (20 ش لبنان) - Verified",https://almaamal.com,info@almaamal.com (Verified),15810 (Verified),not found,https://www.facebook.com/A.SLabAlMa3mal (Unverified),not found,not found,"Website + digital results + home visit + prescription upload (Verified); no store app found (Unverified)",not found,"Dr. Ahmed Ali Shams El-Din - Chairman (Verified); founder Prof. Dr. Ali Shams El-Din","Established 1971 chain with web portal but no app; PWA adds booking, packages, home collection, WhatsApp insurance approvals",Source: almaamal.com/about-us checked 2026-10-03
2,لاب ميد إيجيبت,Labmed Egypt,12,Verified,"المهندسين، الجيزة - Unverified address detail",https://labmedegypt.com,info@labmedegypt.com (Verified),19314 (Verified),01101193140 (Verified),https://www.facebook.com/LabmedEgypt,https://www.instagram.com/labmed_egypt,link on official site (URL not captured),"Home visit via WhatsApp + listed on Vezeeta/cliniDo/Ekshef; no own app found",not found,"Omar El Gabaly - CEO (Unverified, LinkedIn search result)","Relies on third-party booking platforms and WhatsApp; own PWA owns the booking channel and pricing catalog",Egyptian-German JV (Cairo Scan + Labmed Dortmund). Source: labmedegypt.com/branches/branches 2026-10-03
3,معامل شلبي,Shalaby Labs,22 listed (homepage says 10+),Unverified (conflict),"دمنهور، البحيرة - Verified (LinkedIn)",https://www.shalabylabs.com,not found,0102 993 9995 Beheira / 015 000 66 2 66 Alexandria (Verified),mentioned as support channel; number not found,https://www.facebook.com/ShalabyLabs,https://www.instagram.com/shalaby_lab,https://eg.linkedin.com/company/shalabylabs,"Online home-visit booking + results portal (Verified); Shalaby Connect app is B2B only",not found,"LinkedIn lists staff incl. Marwan Shalaby (no confirmed title); Dr. Ashraf Bassiouny Shalaby named as owner on Facebook (Unverified)","Largest Delta chain with no patient mobile app; PWA complements portal with packages and insurance approvals",201-500 employees on LinkedIn; also operates in Kenya
4,تاون لاب,Town Lab,12-13,Unverified,"مصر الجديدة، القاهرة - Unverified",http://townlab.net (DNS failed on check),info@town-lab.com (Unverified),15767 (Unverified),not found,https://www.facebook.com/townlaboratory,not found,https://www.linkedin.com/company/town-labeg,No app found,not found,"not found (LinkedIn lists staff without leadership titles)","Fast-growing Cairo/Giza chain with no verified digital booking; full PWA incl. admin panel",LinkedIn counts 13 locations; directory 12
5,معامل الفنار,Al Fanar Medical Laboratories,12,Unverified (directory-derived),"سيدي بشر، الإسكندرية - Unverified",http://www.alfnar-lab.com (Unverified),not found,01222620428 / 01228507107 (Unverified),not found,not found,not found,not found,not found,not found,"Supervision: Prof. Dr. Mahmoud Saad Rajab (Unverified)","Weak digital presence across Alexandria/Delta; PWA gives booking and home collection",Official site not fetched
6,مختبرات العرب الدولية,Arab International Labs,9 Egypt stated; ~14 Egypt locations listed + international,Unverified (conflict),"مصر الجديدة، القاهرة (7 ش جسر السويس) - Verified",https://www.arabilabs.com,info@arabilabs.com (Verified),01100987253 (Verified),+201100987253 (Verified),mentioned on site (URL not found),mentioned on site (URL not found),mentioned on site (URL not found),Home visit by calling branch; no app found,not found,not found,"Expansion-minded multi-country group needing unified booking/admin platform","Directory said 19; 501-1000 employees (ZoomInfo, Unverified)"
7,فرست لاب,First Lab,15,Unverified (directory only),"مصر الجديدة، القاهرة - Unverified",not found (Linktree only),not found,not found,wa.link/sjszii (official Linktree),https://www.facebook.com/Firestlabobourcity (Obour branch page),https://www.instagram.com/first.laboratory/,not found,WhatsApp business + Instagram only; no website,not found,not found,"No website at all; PWA would be first owned digital presence",https://linktr.ee/first.lab
8,معامل أهل مصر,Ahl Masr Lab (Masr Lab),9-12 (conflict),Unverified,"طنطا، الغربية",https://ahlmasrlab.com,info@masrlab.com (Verified),01206877006 (Verified),available on site (number not captured),Facebook @MasrLab (icon on site),icon on site (URL not found),not found,"Android app exists (com.ahlmasrlab.ahlmasrlab) + results portal results.masrlab.com + home visit; quality not assessed",not found,not found,"Already has an app; lower priority; pitch packages catalog and insurance approvals only","Homepage 12 branches vs branches page 9"
9,سبيد لاب,Speed Lab (Speed Medical),"13+ per site; directory 43",Unverified (may exceed 25),"القاهرة - Unverified",https://en.speedlabegypt.com,info@speedlab.com.eg (Verified),19358 / +20224184848 (Verified),not found,not found,not found,not found,"iOS/Android/Windows apps + home visits (Verified from site)",not found,"Ismail Ahmed Ismail Jadallah - Chairman; Hazem Farouk Kamal Al-Far - CEO (Unverified; EGX listing data)","Has apps already; low priority; white-label admin/catalog only",EGX-listed (SPMD)
10,معامل الحياة,Life Labs (lifelabseg.com),2 on site; directories claim 25+,Unverified (conflict),"طنطا، الغربية",https://lifelabseg.com,info@lifelabseg.com (Verified),15613 (Verified),not found,https://www.facebook.com/lifelabseg,https://www.instagram.com/lifelabegypt,not found,"Possible Play app lifelab.app (not verified)",not found,not found,"Verify branch count first; backup candidate",Several unrelated labs share similar names
